User_ID,First_Name,Last_Name,Roll_Number,Branch,Degree,Batch,Email,Hash_of_Password,Residence,Birthday,SignUp_Date,Profile_Picture,Private,AutoAdd_to_Groups
1,Aman,Singh,190020010,CSE,B.Tech,2023,190020010@iitb.ac.in,12345678,"IIT Bombay, Powai",2000-10-10,2021-01-20,,0,1
2,Ridayesh,Parab,190020079,CSE,B.Tech,2023,190020079@iitb.ac.in,12345678,"IIT Bombay, Powai",2000-10-10,2021-01-20,,0,1
3,Sasmit,Swapnil,190040129,CSE,B.Tech,2023,190040129@gmail.com,12345678,"IIT Bombay, Powai",2000-10-10,2021-01-20,,0,1
4,Aadish,Jain,190050001,CSE,B.Tech,2023,aadishjain@iitb.ac.in,12345678,"IIT Bombay, Powai",2000-10-10,2021-01-20,,0,1
5,Aakriti,,190050002,CSE,B.Tech,2023,190050002@iitb.ac.in,12345678,"IIT Bombay, Powai",2000-10-10,2021-01-20,,0,1
6,Abhinav,Gupta,190050003,CSE,B.Tech,2023,190050003@iitb.ac.in,12345678,"IIT Bombay, Powai",2000-10-10,2021-01-20,,0,1
7,Adarsh,Raj,190050004,CSE,B.Tech,2023,190050004@iitb.ac.in,12345678,"IIT Bombay, Powai",2000-10-10,2021-01-20,,0,1
8,Adithya,Bhaskar,190050005,CSE,B.Tech,2023,190050005@iitb.ac.in,12345678,"IIT Bombay, Powai",2000-10-10,2021-01-20,,0,1
9,Aditya,Badola,190050006,CSE,B.Tech,2023,190050006@iitb.ac.in,12345678,"IIT Bombay, Powai",2000-10-10,2021-01-20,,0,1
10,Aditya,gautam,190050007,CSE,B.Tech,2023,190050007@iitb.ac.in,12345678,"IIT Bombay, Powai",2000-10-10,2021-01-20,,0,1
11,Advait,Parmar,190050008,CSE,B.Tech,2023,190050008@iitb.ac.in,12345678,"IIT Bombay, Powai",2000-10-10,2021-01-20,,0,1
12,Akash,Cherukuri,190050009,CSE,B.Tech,2023,190050009@iitb.ac.in,12345678,"IIT Bombay, Powai",2000-10-10,2021-01-20,,0,1
13,Akshat,Gupta,190050010,CSE,B.Tech,2023,190050010@iitb.ac.in,12345678,"IIT Bombay, Powai",2000-10-10,2021-01-20,,0,1
14,Akshay,Kumar,190050011,CSE,B.Tech,2023,190050011@iitb.ac.in,12345678,"IIT Bombay, Powai",2000-10-10,2021-01-20,,0,1
15,Aman,Kashyap,190050012,CSE,B.Tech,2023,190050012@iitb.ac.in,12345678,"IIT Bombay, Powai",2000-10-10,2021-01-20,,0,1
16,Aman,Yadav,190050013,CSE,B.Tech,2023,190050013@iitb.ac.in,12345678,"IIT Bombay, Powai",2000-10-10,2021-01-20,,0,1
17,Amit,Meena,190050014,CSE,B.Tech,2023,190050014@iitb.ac.in,12345678,"IIT Bombay, Powai",2000-10-10,2021-01-20,,0,1
18,Amit,Rajaraman,190050015,CSE,B.Tech,2023,amit.rajaraman@iitb.ac.in,12345678,"IIT Bombay, Powai",2000-10-10,2021-01-20,,0,1
19,Andraju,Manoj,190050016,CSE,B.Tech,2023,190050016@iitb.ac.in,12345678,"IIT Bombay, Powai",2000-10-10,2021-01-20,,0,1
20,Aniket,Agrawal,190050017,CSE,B.Tech,2023,aniketagrawal@iitb.ac.in,12345678,"IIT Bombay, Powai",2000-10-10,2021-01-20,,0,1
21,Anjali,,190050018,CSE,B.Tech,2023,190050018@iitb.ac.in,12345678,"IIT Bombay, Powai",2000-10-10,2021-01-20,,0,1
22,Ankit,Kumar,190050019,CSE,B.Tech,2023,190050019@iitb.ac.in,12345678,"IIT Bombay, Powai",2000-10-10,2021-01-20,,0,1
23,Ankit,Kumar,190050020,CSE,B.Tech,2023,190050020@iitb.ac.in,12345678,"IIT Bombay, Powai",2000-10-10,2021-01-20,,0,1
24,Anshul,Navphule,190050021,CSE,B.Tech,2023,anshulnavphule@iitb.ac.in,12345678,"IIT Bombay, Powai",2000-10-10,2021-01-20,,0,1
25,Anugu,Kranthi,190050022,CSE,B.Tech,2023,190050022@iitb.ac.in,12345678,"IIT Bombay, Powai",2000-10-10,2021-01-20,,0,1
26,Aquib,Nawaz,190050023,CSE,B.Tech,2023,190050023@iitb.ac.in,12345678,"IIT Bombay, Powai",2000-10-10,2021-01-20,,0,1
27,Atin,Bainada,190050024,CSE,B.Tech,2023,atinbainada@iitb.ac.in,12345678,"IIT Bombay, Powai",2000-10-10,2021-01-20,,0,1
28,Ayush,Jangir,190050025,CSE,B.Tech,2023,190050025@iitb.ac.in,12345678,"IIT Bombay, Powai",2000-10-10,2021-01-20,,0,1
29,Battepati,Karthikeya,190050026,CSE,B.Tech,2023,190050026@iitb.ac.in,12345678,"IIT Bombay, Powai",2000-10-10,2021-01-20,,0,1
30,Bhavnoor,Singh,190050027,CSE,B.Tech,2023,190050027@iitb.ac.in,12345678,"IIT Bombay, Powai",2000-10-10,2021-01-20,,0,1
31,danish,,190050028,CSE,B.Tech,2023,190050028@iitb.ac.in,12345678,"IIT Bombay, Powai",2000-10-10,2021-01-20,,0,1
32,Heemmanshuu,Dasari,190050029,CSE,B.Tech,2023,190050029@iitb.ac.in,12345678,"IIT Bombay, Powai",2000-10-10,2021-01-20,,0,1
33,Dasari,Rajesh,190050030,CSE,B.Tech,2023,190050030@iitb.ac.in,12345678,"IIT Bombay, Powai",2000-10-10,2021-01-20,,0,1
34,D,CHANDRA,190050031,CSE,B.Tech,2023,190050031@iitb.ac.in,12345678,"IIT Bombay, Powai",2000-10-10,2021-01-20,,0,1
35,Deepanshu,,190050032,CSE,B.Tech,2023,bagotia@iitb.ac.in,12345678,"IIT Bombay, Powai",2000-10-10,2021-01-20,,0,1
36,Dhakne,Ajay,190050033,CSE,B.Tech,2023,ajaydhakne@iitb.ac.in,12345678,"IIT Bombay, Powai",2000-10-10,2021-01-20,,0,1
37,Dhruv,Arora,190050034,CSE,B.Tech,2023,190050034@iitb.ac.in,12345678,"IIT Bombay, Powai",2000-10-10,2021-01-20,,0,1
38,Divyansh,Nankani,190050035,CSE,B.Tech,2023,190050035@iitb.ac.in,12345678,"IIT Bombay, Powai",2000-10-10,2021-01-20,,0,1
39,Gaurav,Krishan,190050036,CSE,B.Tech,2023,190050036@iitb.ac.in,12345678,"IIT Bombay, Powai",2000-10-10,2021-01-20,,0,1
40,Gaurav,P,190050037,CSE,B.Tech,2023,190050037@iitb.ac.in,12345678,"IIT Bombay, Powai",2000-10-10,2021-01-20,,0,1
41,Akash,Reddy,190050038,CSE,B.Tech,2023,190050038@iitb.ac.in,12345678,"IIT Bombay, Powai",2000-10-10,2021-01-20,,0,1
42,Ginjala,Varshini,190050039,CSE,B.Tech,2023,varshinireddy@iitb.ac.in,12345678,"IIT Bombay, Powai",2000-10-10,2021-01-20,,0,1
43,Gollamudi,Sri,190050040,CSE,B.Tech,2023,190050040@iitb.ac.in,12345678,"IIT Bombay, Powai",2000-10-10,2021-01-20,,0,1
44,Gudipaty,Aniket,190050041,CSE,B.Tech,2023,190050041@iitb.ac.in,12345678,"IIT Bombay, Powai",2000-10-10,2021-01-20,,0,1
45,G.priyanka,arthi,190050042,CSE,B.Tech,2023,190050042@iitb.ac.in,12345678,"IIT Bombay, Powai",2000-10-10,2021-01-20,,0,1
46,LIKHITH,,190050043,CSE,B.Tech,2023,190050043@iitb.ac.in,12345678,"IIT Bombay, Powai",2000-10-10,2021-01-20,,0,1
47,Kartikey,Gupta,190050044,CSE,B.Tech,2023,190050044@iitb.ac.in,12345678,"IIT Bombay, Powai",2000-10-10,2021-01-20,,0,1
48,Gurnoor,Singh,190050045,CSE,B.Tech,2023,190050045@iitb.ac.in,12345678,"IIT Bombay, Powai",2000-10-10,2021-01-20,,0,1
49,Gyana,Prakash,190050046,CSE,B.Tech,2023,190050046@iitb.ac.in,12345678,"IIT Bombay, Powai",2000-10-10,2021-01-20,,0,1
50,Hardik,Siloiya,190050047,CSE,B.Tech,2023,190050047@iitb.ac.in,12345678,"IIT Bombay, Powai",2000-10-10,2021-01-20,,0,1
51,Harshit,Gupta,190050048,CSE,B.Tech,2023,190050048@iitb.ac.in,12345678,"IIT Bombay, Powai",2000-10-10,2021-01-20,,0,1
52,Hiren,Bavaskar,190050049,CSE,B.Tech,2023,190050049@iitb.ac.in,12345678,"IIT Bombay, Powai",2000-10-10,2021-01-20,,0,1
53,Ilindra,Sai,190050050,CSE,B.Tech,2023,190050050@iitb.ac.in,12345678,"IIT Bombay, Powai",2000-10-10,2021-01-20,,0,1
54,Paavan,kumar,190050051,CSE,B.Tech,2023,190050051@iitb.ac.in,12345678,"IIT Bombay, Powai",2000-10-10,2021-01-20,,0,1
55,Jash,Shah,190050052,CSE,B.Tech,2023,190050052@iitb.ac.in,12345678,"IIT Bombay, Powai",2000-10-10,2021-01-20,,0,1
56,Jayesh,Singla,190050053,CSE,B.Tech,2023,190050053@iitb.ac.in,12345678,"IIT Bombay, Powai",2000-10-10,2021-01-20,,0,1
57,Mukesh,Reddy,190050054,CSE,B.Tech,2023,190050054@iitb.ac.in,12345678,"IIT Bombay, Powai",2000-10-10,2021-01-20,,0,1
58,Kalaka,Sonnandh,190050055,CSE,B.Tech,2023,190050055@iitb.ac.in,12345678,"IIT Bombay, Powai",2000-10-10,2021-01-20,,0,1
59,Kanad,Pardeshi,190050056,CSE,B.Tech,2023,190050056@iitb.ac.in,12345678,"IIT Bombay, Powai",2000-10-10,2021-01-20,,0,1
60,Kartikey,Rajpoot,190050057,CSE,B.Tech,2023,190050057@iitb.ac.in,12345678,"IIT Bombay, Powai",2000-10-10,2021-01-20,,0,1
61,Kaustubh,Dighe,190050058,CSE,B.Tech,2023,190050058@iitb.ac.in,12345678,"IIT Bombay, Powai",2000-10-10,2021-01-20,,0,1
62,Bhanu,Prakash,190050059,CSE,B.Tech,2023,190050059@iitb.ac.in,12345678,"IIT Bombay, Powai",2000-10-10,2021-01-20,,0,1
63,Karthikeya,Reddy,190050060,CSE,B.Tech,2023,190050060@iitb.ac.in,12345678,"IIT Bombay, Powai",2000-10-10,2021-01-20,,0,1
64,Renu,Konda,190050061,CSE,B.Tech,2023,190050061@iitb.ac.in,12345678,"IIT Bombay, Powai",2000-10-10,2021-01-20,,0,1
65,KOUSTAV,SEN,190050062,CSE,B.Tech,2023,190050062@iitb.ac.in,12345678,"IIT Bombay, Powai",2000-10-10,2021-01-20,,0,1
66,Liza,Dahiya,190050063,CSE,B.Tech,2023,190050063@iitb.ac.in,12345678,"IIT Bombay, Powai",2000-10-10,2021-01-20,,0,1
67,shashank,bhargav,190050064,CSE,B.Tech,2023,190050064@iitb.ac.in,12345678,"IIT Bombay, Powai",2000-10-10,2021-01-20,,0,1
68,Manan,Agarwal,190050065,CSE,B.Tech,2023,190050065@iitb.ac.in,12345678,"IIT Bombay, Powai",2000-10-10,2021-01-20,,0,1
69,Md,Kamran,190050066,CSE,B.Tech,2023,190050066@iitb.ac.in,12345678,"IIT Bombay, Powai",2000-10-10,2021-01-20,,0,1
70,Megha,Baboria,190050067,CSE,B.Tech,2023,190050067@iitb.ac.in,12345678,"IIT Bombay, Powai",2000-10-10,2021-01-20,,0,1
71,Monu,Meena,190050068,CSE,B.Tech,2023,190050068@iitb.ac.in,12345678,"IIT Bombay, Powai",2000-10-10,2021-01-20,,0,1
72,M,V,190050069,CSE,B.Tech,2023,190050069@iitb.ac.in,12345678,"IIT Bombay, Powai",2000-10-10,2021-01-20,,0,1
73,Nabarun,Champramnari,190050070,CSE,B.Tech,2023,190050070@iitb.ac.in,12345678,"IIT Bombay, Powai",2000-10-10,2021-01-20,,0,1
74,Chaithanya,Kumar,190050071,CSE,B.Tech,2023,190050071@iitb.ac.in,12345678,"IIT Bombay, Powai",2000-10-10,2021-01-20,,0,1
75,Nitin,Kumar,190050073,CSE,B.Tech,2023,ydv_nitin@iitb.ac.in,12345678,"IIT Bombay, Powai",2000-10-10,2021-01-20,,0,1
76,Nitish,Kumar,190050074,CSE,B.Tech,2023,190050074@iitb.ac.in,12345678,"IIT Bombay, Powai",2000-10-10,2021-01-20,,0,1
77,Ojas,Gramopadhye,190050075,CSE,B.Tech,2023,190050075@iitb.ac.in,12345678,"IIT Bombay, Powai",2000-10-10,2021-01-20,,0,1
78,Paarth,Jain,190050076,CSE,B.Tech,2023,190050076@iitb.ac.in,12345678,"IIT Bombay, Powai",2000-10-10,2021-01-20,,0,1
79,Pallela,Kranthi,190050077,CSE,B.Tech,2023,190050077@iitb.ac.in,12345678,"IIT Bombay, Powai",2000-10-10,2021-01-20,,0,1
80,Palti,Ramyasri,190050078,CSE,B.Tech,2023,190050078@iitb.ac.in,12345678,"IIT Bombay, Powai",2000-10-10,2021-01-20,,0,1
81,P,Bharani,190050079,CSE,B.Tech,2023,190050079@iitb.ac.in,12345678,"IIT Bombay, Powai",2000-10-10,2021-01-20,,0,1
82,Pawan,Kumar,190050080,CSE,B.Tech,2023,190050080@iitb.ac.in,12345678,"IIT Bombay, Powai",2000-10-10,2021-01-20,,0,1
83,Penta,kusuma,190050081,CSE,B.Tech,2023,190050081@iitb.ac.in,12345678,"IIT Bombay, Powai",2000-10-10,2021-01-20,,0,1
84,RAHUL,KRISHNA,190050082,CSE,B.Tech,2023,190050082@iitb.ac.in,12345678,"IIT Bombay, Powai",2000-10-10,2021-01-20,,0,1
85,Piyush,Raj,190050083,CSE,B.Tech,2023,190050083@iitb.ac.in,12345678,"IIT Bombay, Powai",2000-10-10,2021-01-20,,0,1
86,Pokala,Mohith,190050084,CSE,B.Tech,2023,190050084@iitb.ac.in,12345678,"IIT Bombay, Powai",2000-10-10,2021-01-20,,0,1
87,Preetham,,190050085,CSE,B.Tech,2023,190050085@iitb.ac.in,12345678,"IIT Bombay, Powai",2000-10-10,2021-01-20,,0,1
88,Ponugumati,Prasanth,190050086,CSE,B.Tech,2023,190050086@iitb.ac.in,12345678,"IIT Bombay, Powai",2000-10-10,2021-01-20,,0,1
89,Purvi,Poonia,190050087,CSE,B.Tech,2023,190050087@iitb.ac.in,12345678,"IIT Bombay, Powai",2000-10-10,2021-01-20,,0,1
90,Prabhanshu,Katiyar,190050088,CSE,B.Tech,2023,190050088@iitb.ac.in,12345678,"IIT Bombay, Powai",2000-10-10,2021-01-20,,0,1
91,Pradipta,Parag,190050089,CSE,B.Tech,2023,190050089@iitb.ac.in,12345678,"IIT Bombay, Powai",2000-10-10,2021-01-20,,0,1
92,Pragya,Baran,190050090,CSE,B.Tech,2023,190050090@iitb.ac.in,12345678,"IIT Bombay, Powai",2000-10-10,2021-01-20,,0,1
93,Pranjal,,190050091,CSE,B.Tech,2023,190050091@iitb.ac.in,12345678,"IIT Bombay, Powai",2000-10-10,2021-01-20,,0,1
94,Pranshu,Pandey,190050092,CSE,B.Tech,2023,190050092@iitb.ac.in,12345678,"IIT Bombay, Powai",2000-10-10,2021-01-20,,0,1
95,Hitesh,Kumar,190050093,CSE,B.Tech,2023,190050093@iitb.ac.in,12345678,"IIT Bombay, Powai",2000-10-10,2021-01-20,,0,1
96,P,Veda,190050094,CSE,B.Tech,2023,190050094@iitb.ac.in,12345678,"IIT Bombay, Powai",2000-10-10,2021-01-20,,0,1
97,Rahul,Prajapat,190050095,CSE,B.Tech,2023,190050095@iitb.ac.in,12345678,"IIT Bombay, Powai",2000-10-10,2021-01-20,,0,1
98,Raja,Gond,190050096,CSE,B.Tech,2023,190050096@iitb.ac.in,12345678,"IIT Bombay, Powai",2000-10-10,2021-01-20,,0,1
99,Raj,Aryan,190050097,CSE,B.Tech,2023,190050097@iitb.ac.in,12345678,"IIT Bombay, Powai",2000-10-10,2021-01-20,,0,1
100,R.Kale,Mastansha,190050098,CSE,B.Tech,2023,190050098@iitb.ac.in,12345678,"IIT Bombay, Powai",2000-10-10,2021-01-20,,0,1
101,Ramineni,Amith,190050099,CSE,B.Tech,2023,190050099@iitb.ac.in,12345678,"IIT Bombay, Powai",2000-10-10,2021-01-20,,0,1
102,Renati,Saathwick,190050100,CSE,B.Tech,2023,190050100@iitb.ac.in,12345678,"IIT Bombay, Powai",2000-10-10,2021-01-20,,0,1
103,Ritik,Mandal,190050101,CSE,B.Tech,2023,190050101@iitb.ac.in,12345678,"IIT Bombay, Powai",2000-10-10,2021-01-20,,0,1
104,Sahasra,Ranjan,190050102,CSE,B.Tech,2023,190050102@iitb.ac.in,12345678,"IIT Bombay, Powai",2000-10-10,2021-01-20,,0,1
105,Sahil,Suman,190050103,CSE,B.Tech,2023,190050103@iitb.ac.in,12345678,"IIT Bombay, Powai",2000-10-10,2021-01-20,,0,1
106,Sambit,Behera,190050104,CSE,B.Tech,2023,190050104@iitb.ac.in,12345678,"IIT Bombay, Powai",2000-10-10,2021-01-20,,0,1
107,Samiksha,Das,190050105,CSE,B.Tech,2023,190050105@iitb.ac.in,12345678,"IIT Bombay, Powai",2000-10-10,2021-01-20,,0,1
108,Sanjana,Burman,190050106,CSE,B.Tech,2023,190050106@iitb.ac.in,12345678,"IIT Bombay, Powai",2000-10-10,2021-01-20,,0,1
109,M.SATWIK,,190050107,CSE,B.Tech,2023,190050107@iitb.ac.in,12345678,"IIT Bombay, Powai",2000-10-10,2021-01-20,,0,1
110,Satyendra,kumar,190050108,CSE,B.Tech,2023,190050108@iitb.ac.in,12345678,"IIT Bombay, Powai",2000-10-10,2021-01-20,,0,1
111,Savyasach,Reddy,190050109,CSE,B.Tech,2023,190050109@iitb.ac.in,12345678,"IIT Bombay, Powai",2000-10-10,2021-01-20,,0,1
112,Sayantan,Dhar,190050110,CSE,B.Tech,2023,190050110@iitb.ac.in,12345678,"IIT Bombay, Powai",2000-10-10,2021-01-20,,0,1
113,Shabnam,Sahay,190050111,CSE,B.Tech,2023,190050111@iitb.ac.in,12345678,"IIT Bombay, Powai",2000-10-10,2021-01-20,,0,1
114,Shambhavi,Pardhi,190050112,CSE,B.Tech,2023,190050112@iitb.ac.in,12345678,"IIT Bombay, Powai",2000-10-10,2021-01-20,,0,1
115,Shivam,Raj,190050113,CSE,B.Tech,2023,190050113@iitb.ac.in,12345678,"IIT Bombay, Powai",2000-10-10,2021-01-20,,0,1
116,Shrey,Singla,190050114,CSE,B.Tech,2023,190050114@iitb.ac.in,12345678,"IIT Bombay, Powai",2000-10-10,2021-01-20,,0,1
117,Sibasis,Nayak,190050115,CSE,B.Tech,2023,190050115@iitb.ac.in,12345678,"IIT Bombay, Powai",2000-10-10,2021-01-20,,0,1
118,Soham,Mistri,190050116,CSE,B.Tech,2023,190050116@iitb.ac.in,12345678,"IIT Bombay, Powai",2000-10-10,2021-01-20,,0,1
119,S.Prajeeth,,190050117,CSE,B.Tech,2023,190050117@iitb.ac.in,12345678,"IIT Bombay, Powai",2000-10-10,2021-01-20,,0,1
120,Sudhansh,,190050118,CSE,B.Tech,2023,190050118@iitb.ac.in,12345678,"IIT Bombay, Powai",2000-10-10,2021-01-20,,0,1
121,Sumit,Jain,190050119,CSE,B.Tech,2023,190050119@iitb.ac.in,12345678,"IIT Bombay, Powai",2000-10-10,2021-01-20,,0,1
122,Sunkari,Pranay,190050120,CSE,B.Tech,2023,190050120@iitb.ac.in,12345678,"IIT Bombay, Powai",2000-10-10,2021-01-20,,0,1
123,Surapaneni,Sai,190050121,CSE,B.Tech,2023,190050121@iitb.ac.in,12345678,"IIT Bombay, Powai",2000-10-10,2021-01-20,,0,1
124,Tanay,Sharma,190050122,CSE,B.Tech,2023,190050122@iitb.ac.in,12345678,"IIT Bombay, Powai",2000-10-10,2021-01-20,,0,1
125,Tanu,Goyal,190050123,CSE,B.Tech,2023,190050123@iitb.ac.in,12345678,"IIT Bombay, Powai",2000-10-10,2021-01-20,,0,1
126,M.Thivesh,Chandra,190050124,CSE,B.Tech,2023,190050124@iitb.ac.in,12345678,"IIT Bombay, Powai",2000-10-10,2021-01-20,,0,1
127,Tulip,Pandey,190050125,CSE,B.Tech,2023,190050125@iitb.ac.in,12345678,"IIT Bombay, Powai",2000-10-10,2021-01-20,,0,1
128,V.,Bharat,190050126,CSE,B.Tech,2023,190050126@iitb.ac.in,12345678,"IIT Bombay, Powai",2000-10-10,2021-01-20,,0,1
129,Vedant,Borkute,190050127,CSE,B.Tech,2023,190050127@iitb.ac.in,12345678,"IIT Bombay, Powai",2000-10-10,2021-01-20,,0,1
130,Vibhav,Aggarwal,190050128,CSE,B.Tech,2023,vibhav.agg@iitb.ac.in,12345678,"IIT Bombay, Powai",2000-10-10,2021-01-20,,0,1
131,Vikas,Panwar,190050129,CSE,B.Tech,2023,vikas_panwar@iitb.ac.in,12345678,"IIT Bombay, Powai",2000-10-10,2021-01-20,,0,1
132,Adepu,vishnuvardhan,190050130,CSE,B.Tech,2023,190050130@iitb.ac.in,12345678,"IIT Bombay, Powai",2000-10-10,2021-01-20,,0,1
133,Kandibanda,vishwanth,190050131,CSE,B.Tech,2023,190050131@iitb.ac.in,12345678,"IIT Bombay, Powai",2000-10-10,2021-01-20,,0,1
134,Yallanki,Prathyusha,190050132,CSE,B.Tech,2023,190050132@iitb.ac.in,12345678,"IIT Bombay, Powai",2000-10-10,2021-01-20,,0,1
135,Dhruva,Dhingra,190070020,CSE,B.Tech,2023,190070020@iitb.ac.in,12345678,"IIT Bombay, Powai",2000-10-10,2021-01-20,,0,1
136,Krushnakant,Bhattad,190100036,CSE,B.Tech,2023,190100036@iitb.ac.in,12345678,"IIT Bombay, Powai",2000-10-10,2021-01-20,,0,1
137,Devansh,Jain,190100044,CSE,B.Tech,2023,190100044@iitb.ac.in,12345678,"IIT Bombay, Powai",2000-10-10,2021-01-20,,0,1
138,Harshit,Varma,190100055,CSE,B.Tech,2023,190100055@iitb.ac.in,12345678,"IIT Bombay, Powai",2000-10-10,2021-01-20,,0,1
139,Richeek,Das,190260036,CSE,B.Tech,2023,das.richeek01@iitb.ac.in,12345678,"IIT Bombay, Powai",2000-10-10,2021-01-20,,0,1
140,Rachit,Bagga,19B090008,CSE,B.Tech,2023,19B090008@iitb.ac.in,12345678,"IIT Bombay, Powai",2000-10-10,2021-01-20,,0,1
141,Amit,Kumar,19D070007 ,CSE,B.Tech,2023,19D070007@iitb.ac.in,12345678,"IIT Bombay, Powai",2000-10-10,2021-01-20,,0,1
142,GAURANG,DEV,19d070024,CSE,B.Tech,2023,gaurangdev@iitb.ac.in,12345678,"IIT Bombay, Powai",2000-10-10,2021-01-20,,0,1
143,Kowndinya,Renduchintala,19D170022,CSE,B.Tech,2023,kowndinya.renduchintala@iitb.ac.in,12345678,"IIT Bombay, Powai",2000-10-10,2021-01-20,,0,1
144,Adarsh,Kumar,19D180003,CSE,B.Tech,2023,19D180003@iitb.ac.in,12345678,"IIT Bombay, Powai",2000-10-10,2021-01-20,,0,1